chain, residue_label, residue_name, score, zscore, probability, pocket
A, 1, PRO, 0.3329, -0.1939, 0.0169, 0
A, 2, GLN, 0.1163, -0.3146, 0.0029, 0
A, 3, VAL, 0.2441, -0.2434, 0.0097, 0
A, 4, THR, 0.1530, -0.2942, 0.0045, 0
A, 5, LEU, 0.0661, -0.3426, 0.0014, 0
A, 6, TRP, 0.2024, -0.2666, 0.0070, 0
A, 7, GLN, 0.2197, -0.2570, 0.0080, 0
A, 8, ARG, 0.3622, -0.1776, 0.0196, 1
A, 9, PRO, 0.1796, -0.2794, 0.0057, 0
A, 10, LEU, 0.2585, -0.2354, 0.0107, 0
A, 11, VAL, 0.2824, -0.2220, 0.0125, 0
A, 12, THR, 0.0892, -0.3298, 0.0020, 0
A, 13, ILE, 0.0156, -0.3708, 0.0004, 0
A, 14, LYS, 0.1851, -0.2763, 0.0060, 0
A, 15, ILE, 0.3747, -0.1706, 0.0209, 0
A, 16, GLY, 0.3799, -0.1677, 0.0214, 0
A, 17, GLY, 0.3571, -0.1804, 0.0191, 0
A, 18, GLN, 0.0957, -0.3261, 0.0022, 0
A, 19, LEU, 0.0265, -0.3647, 0.0006, 0
A, 20, LYS, 0.0284, -0.3636, 0.0006, 0
A, 21, GLU, 0.0133, -0.3720, 0.0004, 0
A, 22, ALA, 0.0012, -0.3788, 0.0002, 0
A, 23, LEU, 2.3178, 0.9125, 0.4845, 1
A, 24, LEU, 0.1809, -0.2786, 0.0058, 0
A, 25, ASP, 6.8558, 3.4419, 0.9130, 1
A, 26, THR, 0.5509, -0.0724, 0.0434, 0
A, 27, GLY, 5.2597, 2.5523, 0.8414, 1
A, 28, ALA, 5.0344, 2.4267, 0.8272, 1
A, 29, ASP, 1.8331, 0.6423, 0.3722, 1
A, 30, ASP, 0.9315, 0.1397, 0.1232, 1
A, 31, THR, 0.1055, -0.3207, 0.0025, 0
A, 32, VAL, 1.1538, 0.2637, 0.1832, 1
A, 33, LEU, 0.0000, -0.3795, 0.0002, 0
A, 34, GLU, 0.0097, -0.3740, 0.0004, 0
A, 35, GLU, 0.0379, -0.3583, 0.0008, 0
A, 36, MET, 0.0479, -0.3528, 0.0010, 0
A, 37, SER, 0.0522, -0.3504, 0.0011, 0
A, 38, LEU, 0.1965, -0.2699, 0.0067, 0
A, 39, PRO, 0.2812, -0.2227, 0.0124, 0
A, 40, GLY, 0.0685, -0.3413, 0.0014, 0
A, 41, ARG, 0.0865, -0.3312, 0.0019, 0
A, 42, TRP, 0.1466, -0.2978, 0.0042, 0
A, 43, LYS, 0.0434, -0.3553, 0.0009, 0
A, 44, PRO, 0.0596, -0.3462, 0.0012, 0
A, 45, LYS, 0.0745, -0.3379, 0.0016, 0
A, 46, MET, 0.2134, -0.2605, 0.0077, 0
A, 47, ILE, 1.5103, 0.4624, 0.2856, 1
A, 48, GLY, 1.6736, 0.5534, 0.3303, 1
A, 49, GLY, 2.4587, 0.9910, 0.5138, 1
A, 50, ILE, 3.4601, 1.5492, 0.6775, 1
A, 51, GLY, 0.4394, -0.1345, 0.0282, 0
A, 52, GLY, 0.1267, -0.3089, 0.0033, 0
A, 53, PHE, 0.3614, -0.1780, 0.0196, 0
A, 54, ILE, 0.0736, -0.3385, 0.0016, 0
A, 55, LYS, 0.0585, -0.3468, 0.0012, 0
A, 56, VAL, 0.0246, -0.3658, 0.0006, 0
A, 57, ARG, 0.0834, -0.3330, 0.0018, 0
A, 58, GLN, 0.0112, -0.3732, 0.0004, 0
A, 59, TYR, 0.0401, -0.3571, 0.0008, 0
A, 60, ASP, 0.1057, -0.3205, 0.0025, 0
A, 61, GLN, 0.0512, -0.3509, 0.0010, 0
A, 62, ILE, 0.2095, -0.2627, 0.0074, 0
A, 63, LEU, 0.3982, -0.1575, 0.0234, 0
A, 64, ILE, 0.1265, -0.3090, 0.0033, 0
A, 65, GLU, 0.0700, -0.3405, 0.0015, 0
A, 66, ILE, 0.0288, -0.3634, 0.0006, 0
A, 67, CSO, 0.3603, -0.1786, 0.0194, 0
A, 68, GLY, 0.2733, -0.2271, 0.0118, 0
A, 69, HIE, 0.2910, -0.2173, 0.0132, 0
A, 70, LYS, 0.1134, -0.3163, 0.0028, 0
A, 71, ALA, 0.0174, -0.3698, 0.0005, 0
A, 72, ILE, 0.2242, -0.2545, 0.0083, 0
A, 73, GLY, 0.2315, -0.2504, 0.0088, 0
A, 74, THR, 0.2507, -0.2397, 0.0102, 0
A, 75, VAL, 0.0000, -0.3795, 0.0002, 0
A, 76, LEU, 0.0366, -0.3590, 0.0008, 1
A, 77, VAL, 0.0109, -0.3734, 0.0004, 0
A, 78, GLY, 0.0113, -0.3732, 0.0004, 0
A, 79, PRO, 0.0640, -0.3438, 0.0013, 0
A, 80, THR, 0.2472, -0.2417, 0.0099, 0
A, 81, PRO, 0.1369, -0.3031, 0.0037, 1
A, 82, VAL, 1.1859, 0.2816, 0.1923, 1
A, 83, ASN, 0.0078, -0.3751, 0.0003, 0
A, 84, ILE, 5.0719, 2.4476, 0.8297, 1
A, 85, ILE, 0.0000, -0.3795, 0.0002, 0
A, 86, GLY, 0.0000, -0.3795, 0.0002, 0
A, 87, ARG, 0.0308, -0.3623, 0.0007, 0
A, 88, ASN, 0.2660, -0.2312, 0.0113, 0
A, 89, LEU, 0.1295, -0.3073, 0.0034, 0
A, 90, LEU, 0.0355, -0.3597, 0.0007, 0
A, 91, THR, 0.1066, -0.3201, 0.0026, 0
A, 92, GLN, 0.2813, -0.2227, 0.0124, 0
A, 93, ILE, 0.1030, -0.3221, 0.0024, 0
A, 94, GLY, 0.1053, -0.3208, 0.0025, 0
A, 95, ALA, 0.0512, -0.3509, 0.0010, 0
A, 96, THR, 0.1075, -0.3195, 0.0026, 0
A, 97, LEU, 0.0000, -0.3795, 0.0002, 0
A, 98, ASN, 0.0832, -0.3331, 0.0018, 0
A, 99, PHE, 0.2788, -0.2240, 0.0122, 0
B, 100, PRO, 0.2237, -0.2548, 0.0083, 0
B, 101, GLN, 0.0915, -0.3284, 0.0021, 0
B, 102, VAL, 0.1040, -0.3215, 0.0025, 0
B, 103, THR, 0.0967, -0.3255, 0.0022, 0
B, 104, LEU, 0.0499, -0.3516, 0.0010, 0
B, 105, TRP, 0.1451, -0.2986, 0.0041, 0
B, 106, GLN, 0.0216, -0.3674, 0.0005, 0
B, 107, ARG, 0.1460, -0.2981, 0.0042, 1
B, 108, PRO, 0.0213, -0.3676, 0.0005, 0
B, 109, LEU, 0.0897, -0.3295, 0.0020, 0
B, 110, VAL, 0.1046, -0.3212, 0.0025, 0
B, 111, THR, 0.1037, -0.3217, 0.0025, 0
B, 112, ILE, 0.1422, -0.3002, 0.0040, 0
B, 113, LYS, 0.1657, -0.2871, 0.0050, 0
B, 114, ILE, 0.4115, -0.1501, 0.0248, 0
B, 115, GLY, 0.3346, -0.1929, 0.0170, 0
B, 116, GLY, 0.3047, -0.2096, 0.0144, 0
B, 117, GLN, 0.0752, -0.3376, 0.0016, 0
B, 118, LEU, 0.0696, -0.3407, 0.0015, 0
B, 119, LYS, 0.0623, -0.3447, 0.0013, 0
B, 120, GLU, 0.0486, -0.3524, 0.0010, 0
B, 121, ALA, 0.0945, -0.3268, 0.0022, 0
B, 122, LEU, 2.7724, 1.1659, 0.5729, 1
B, 123, LEU, 0.0415, -0.3563, 0.0008, 0
B, 124, ASP, 6.9566, 3.4982, 0.9161, 1
B, 125, THR, 1.0762, 0.2204, 0.1616, 0
B, 126, GLY, 4.7581, 2.2727, 0.8074, 1
B, 127, ALA, 4.6487, 2.2117, 0.7988, 1
B, 128, ASP, 1.6756, 0.5545, 0.3309, 1
B, 129, ASP, 0.7142, 0.0186, 0.0726, 1
B, 130, THR, 0.1359, -0.3037, 0.0037, 0
B, 131, VAL, 0.9544, 0.1525, 0.1290, 1
B, 132, LEU, 0.0833, -0.3330, 0.0018, 0
B, 133, GLU, 0.0285, -0.3635, 0.0006, 0
B, 134, GLU, 0.0695, -0.3407, 0.0015, 0
B, 135, MET, 0.0618, -0.3450, 0.0013, 0
B, 136, SER, 0.0600, -0.3460, 0.0012, 0
B, 137, LEU, 0.2480, -0.2412, 0.0100, 0
B, 138, PRO, 0.2742, -0.2266, 0.0119, 0
B, 139, GLY, 0.0856, -0.3318, 0.0019, 0
B, 140, ARG, 0.0689, -0.3411, 0.0014, 0
B, 141, TRP, 0.1745, -0.2822, 0.0055, 0
B, 142, LYS, 0.0636, -0.3440, 0.0013, 0
B, 143, PRO, 0.0582, -0.3470, 0.0012, 0
B, 144, LYS, 0.0461, -0.3537, 0.0009, 0
B, 145, MET, 0.2519, -0.2390, 0.0102, 0
B, 146, ILE, 0.9431, 0.1462, 0.1261, 1
B, 147, GLY, 1.2400, 0.3117, 0.2076, 1
B, 148, GLY, 1.5356, 0.4765, 0.2926, 1
B, 149, ILE, 2.8601, 1.2148, 0.5880, 1
B, 150, GLY, 0.1723, -0.2834, 0.0054, 0
B, 151, GLY, 0.2307, -0.2508, 0.0088, 0
B, 152, PHE, 0.3778, -0.1689, 0.0212, 0
B, 153, ILE, 0.1692, -0.2852, 0.0052, 0
B, 154, LYS, 0.1017, -0.3228, 0.0024, 0
B, 155, VAL, 0.0375, -0.3586, 0.0008, 0
B, 156, ARG, 0.0944, -0.3268, 0.0022, 0
B, 157, GLN, 0.0253, -0.3653, 0.0006, 0
B, 158, TYR, 0.0662, -0.3426, 0.0014, 0
B, 159, ASP, 0.0540, -0.3494, 0.0011, 0
B, 160, GLN, 0.0828, -0.3333, 0.0018, 0
B, 161, ILE, 0.1804, -0.2789, 0.0058, 0
B, 162, LEU, 0.3265, -0.1975, 0.0163, 0
B, 163, ILE, 0.1984, -0.2689, 0.0068, 0
B, 164, GLU, 0.0800, -0.3349, 0.0017, 0
B, 165, ILE, 0.1667, -0.2865, 0.0051, 0
B, 166, CSO, 0.3789, -0.1682, 0.0213, 0
B, 167, GLY, 0.3546, -0.1818, 0.0189, 0
B, 168, HIE, 0.4900, -0.1063, 0.0346, 0
B, 169, LYS, 0.1659, -0.2870, 0.0051, 0
B, 170, ALA, 0.0332, -0.3609, 0.0007, 0
B, 171, ILE, 0.0744, -0.3380, 0.0016, 0
B, 172, GLY, 0.0615, -0.3452, 0.0013, 0
B, 173, THR, 0.0810, -0.3343, 0.0018, 0
B, 174, VAL, 0.0833, -0.3330, 0.0018, 0
B, 175, LEU, 0.0739, -0.3383, 0.0016, 0
B, 176, VAL, 0.0356, -0.3596, 0.0007, 0
B, 177, GLY, 0.0104, -0.3737, 0.0004, 0
B, 178, PRO, 0.0324, -0.3614, 0.0007, 0
B, 179, THR, 0.6552, -0.0142, 0.0610, 0
B, 180, PRO, 0.3768, -0.1694, 0.0211, 1
B, 181, VAL, 0.7037, 0.0128, 0.0704, 1
B, 182, ASN, 0.0416, -0.3563, 0.0008, 0
B, 183, ILE, 4.3358, 2.0373, 0.7734, 1
B, 184, ILE, 0.0833, -0.3330, 0.0018, 0
B, 185, GLY, 0.0007, -0.3791, 0.0002, 0
B, 186, ARG, 0.0200, -0.3683, 0.0005, 0
B, 187, ASN, 0.0895, -0.3296, 0.0020, 0
B, 188, LEU, 0.1335, -0.3050, 0.0036, 0
B, 189, LEU, 0.0670, -0.3421, 0.0014, 0
B, 190, THR, 0.1166, -0.3145, 0.0029, 0
B, 191, GLN, 0.2067, -0.2642, 0.0073, 0
B, 192, ILE, 0.1590, -0.2908, 0.0047, 0
B, 193, GLY, 0.1279, -0.3081, 0.0034, 0
B, 194, ALA, 0.0779, -0.3360, 0.0017, 0
B, 195, THR, 0.1301, -0.3069, 0.0035, 0
B, 196, LEU, 0.0941, -0.3270, 0.0021, 0
B, 197, ASN, 0.0835, -0.3329, 0.0018, 0
B, 198, PHE, 0.3890, -0.1626, 0.0224, 0
