name, rank, score, probability, sas_points, surf_atoms, center_x, center_y, center_z, residue_ids, surf_atom_ids
pocket1, 1, 18.14, 0.816, 93, 56, 14.0459, 99.7595, 53.7838, B_298 B_299 B_302 B_303 B_306 B_319 B_321 B_336 B_340 B_349 B_363 B_365 B_366 B_367 B_368 B_369 B_370 B_371 B_372 B_375 B_420 B_431 B_432, 4795 4796 4797 4809 4810 4838 4851 4852 4853 4854 4855 4856 4857 4895 4896 5116 5117 5118 5140 5144 5146 5148 5405 5454 5455 5612 5613 5837 5840 5877 5878 5889 5902 5907 5909 5910 5911 5921 5924 5926 5941 5954 5973 5974 5980 5987 6039 6771 6772 6940 6941 6950 6953 6956 6958 6959
pocket2, 2, 16.27, 0.775, 87, 48, 14.6731, 58.6904, 12.8887, A_146 A_156 A_157 A_158 A_24 A_25 A_28 A_29 A_32 A_45 A_47 A_62 A_66 A_75 A_91 A_92 A_93 A_94 A_96 A_97 A_98, 388 389 390 402 403 431 444 445 447 448 449 450 488 489 711 733 737 739 740 741 998 1046 1047 1205 1470 1471 1482 1500 1502 1504 1514 1517 1548 1566 1567 1573 1576 1580 2364 2365 2366 2524 2530 2533 2534 2545 2549 2551
pocket3, 3, 6.04, 0.298, 54, 31, 14.7320, 47.5437, 18.7169, A_130 A_135 A_136 A_137 A_155 A_156 A_157 A_62 A_65 A_66 A_69 A_74 A_75 A_77, 995 998 1029 1030 1031 1044 1045 1046 1047 1098 1100 1102 1185 1188 1203 1205 1233 2094 2186 2202 2219 2221 2225 2507 2521 2522 2523 2530 2533 2534 2537
pocket4, 4, 5.68, 0.275, 52, 28, 13.3927, 92.7983, 64.9675, B_336 B_339 B_340 B_343 B_348 B_349 B_404 B_409 B_410 B_411 B_429 B_430 B_431, 5402 5405 5436 5437 5438 5453 5455 5507 5509 5595 5610 5612 6500 6501 6590 6593 6609 6626 6628 6632 6914 6928 6929 6937 6940 6941 6942 6944
pocket5, 5, 3.13, 0.106, 50, 27, 25.4355, 55.4312, 15.7966, A_158 A_159 A_162 A_163 A_29 A_30 A_31 A_47 A_48 A_49 A_50 A_55 A_58 A_59 A_62, 443 462 468 740 741 758 775 795 796 871 872 874 875 876 916 917 918 919 929 930 935 997 2545 2563 2565 2603 2630
pocket6, 6, 2.99, 0.098, 27, 23, -1.9250, 58.7016, 30.6605, A_113 A_116 A_117 A_120 A_205 A_208 A_209 A_239 A_240 A_241 A_244 A_269, 1825 1827 1828 1870 1872 1885 1886 1889 1891 1946 3276 3337 3350 3351 3353 3354 3836 3841 3856 3857 3907 3908 4316
pocket7, 7, 2.81, 0.087, 27, 24, 30.0170, 82.1397, 52.2514, B_387 B_390 B_391 B_394 B_479 B_482 B_483 B_513 B_515 B_518 B_543, 6232 6234 6235 6275 6276 6277 6279 6292 6293 6296 6298 6353 7683 7687 7744 7757 7758 7761 8243 8263 8264 8314 8315 8723
pocket8, 8, 1.18, 0.010, 23, 13, 13.8544, 85.1797, 47.7424, B_374 B_378 B_417 B_438 B_442 B_455 B_481 B_488 B_489, 6019 6020 6092 6723 6725 7056 7104 7310 7311 7730 7830 7831 7843
pocket9, 9, 0.96, 0.005, 12, 10, 24.3993, 52.9715, 34.9385, A_172 A_177 A_182 A_186 A_187 A_190, 2758 2821 2822 2824 2826 2827 2922 2972 2987 3036
